id_chuyennganh,machuyennganh,tenchuyennganh,id_khoa,stt_nganh,mahocphan,tenhocphan,nhom_mon,tinh_chat_mon,mo_ta_train,hoc_duoc_gi,goi_y_hoc,source_url
56,HTTT,Hệ Thống Thông Tin,40,1,,Nhập môn lập trình,Cơ sở ngành,Nền tảng kỹ thuật,"Học phần thuộc định hướng hệ thống thông tin, giúp sinh viên mở rộng kiến thức chuyên môn và liên hệ với bài toán thực tế.","Củng cố kiến thức cốt lõi của ngành HTTT và tăng khả năng áp dụng vào bài tập, đồ án, dự án.","Nên học đều theo tuần, bám sát đề cương và tự tổng hợp sơ đồ kiến thức để ôn hiệu quả.",https://fit.iuh.edu.vn
56,HTTT,Hệ Thống Thông Tin,40,2,,Kỹ thuật lập trình,Cơ sở ngành,Nền tảng kỹ thuật,"Học phần thuộc định hướng hệ thống thông tin, giúp sinh viên mở rộng kiến thức chuyên môn và liên hệ với bài toán thực tế.","Củng cố kiến thức cốt lõi của ngành HTTT và tăng khả năng áp dụng vào bài tập, đồ án, dự án.","Nên học đều theo tuần, bám sát đề cương và tự tổng hợp sơ đồ kiến thức để ôn hiệu quả.",https://fit.iuh.edu.vn
56,HTTT,Hệ Thống Thông Tin,40,3,,Lập trình hướng đối tượng,Cơ sở ngành,Thực hành + dự án,"Môn học rèn kỹ năng xây dựng ứng dụng, tổ chức mã nguồn và triển khai sản phẩm theo định hướng hệ thống thông tin.","Viết chương trình, thiết kế chức năng, debug và hoàn thiện sản phẩm thực hành.","Nên học bằng project nhỏ, code thường xuyên và lưu repo để tiện ôn thi và làm portfolio.",https://fit.iuh.edu.vn
56,HTTT,Hệ Thống Thông Tin,40,4,,Cấu trúc dữ liệu và giải thuật,Cơ sở ngành,Nền tảng kỹ thuật,"Môn học tập trung vào dữ liệu, cách lưu trữ, xử lý và khai thác thông tin phục vụ các bài toán trong hệ thống thông tin.","Thiết kế dữ liệu, truy vấn, phân tích và khai thác thông tin cho ứng dụng hoặc bài toán chuyên ngành.","Nên luyện bài tập từ dễ đến khó, tự dựng bộ dữ liệu nhỏ để hiểu kỹ khái niệm.",https://fit.iuh.edu.vn
56,HTTT,Hệ Thống Thông Tin,40,5,,Cơ sở dữ liệu,Cơ sở ngành,Lý thuyết + thực hành,"Môn học tập trung vào dữ liệu, cách lưu trữ, xử lý và khai thác thông tin phục vụ các bài toán trong hệ thống thông tin.","Thiết kế dữ liệu, truy vấn, phân tích và khai thác thông tin cho ứng dụng hoặc bài toán chuyên ngành.","Nên luyện bài tập từ dễ đến khó, tự dựng bộ dữ liệu nhỏ để hiểu kỹ khái niệm.",https://fit.iuh.edu.vn
56,HTTT,Hệ Thống Thông Tin,40,6,,Mạng máy tính,Cơ sở ngành,Lý thuyết + thực hành,"Học phần thuộc định hướng hệ thống thông tin, giúp sinh viên mở rộng kiến thức chuyên môn và liên hệ với bài toán thực tế.","Hiểu cách vận hành hệ thống, cấu hình dịch vụ và xử lý các tình huống triển khai thực tế.","Nên kết hợp lý thuyết với lab thực hành, ghi chú theo mô hình hệ thống để dễ nhớ.",https://fit.iuh.edu.vn
56,HTTT,Hệ Thống Thông Tin,40,7,,Kiến trúc máy tính,Cơ sở ngành,Nền tảng kỹ thuật,"Học phần thuộc định hướng hệ thống thông tin, giúp sinh viên mở rộng kiến thức chuyên môn và liên hệ với bài toán thực tế.","Củng cố kiến thức cốt lõi của ngành HTTT và tăng khả năng áp dụng vào bài tập, đồ án, dự án.","Nên học đều theo tuần, bám sát đề cương và tự tổng hợp sơ đồ kiến thức để ôn hiệu quả.",https://fit.iuh.edu.vn
56,HTTT,Hệ Thống Thông Tin,40,8,,Toán rời rạc,Cơ sở ngành,Nền tảng kỹ thuật,"Học phần thuộc định hướng hệ thống thông tin, giúp sinh viên mở rộng kiến thức chuyên môn và liên hệ với bài toán thực tế.","Củng cố kiến thức cốt lõi của ngành HTTT và tăng khả năng áp dụng vào bài tập, đồ án, dự án.","Nên học đều theo tuần, bám sát đề cương và tự tổng hợp sơ đồ kiến thức để ôn hiệu quả.",https://fit.iuh.edu.vn
56,HTTT,Hệ Thống Thông Tin,40,9,,Xác suất thống kê cho máy tính,Cơ sở ngành,Nền tảng kỹ thuật,"Học phần thuộc định hướng hệ thống thông tin, giúp sinh viên mở rộng kiến thức chuyên môn và liên hệ với bài toán thực tế.","Củng cố kiến thức cốt lõi của ngành HTTT và tăng khả năng áp dụng vào bài tập, đồ án, dự án.","Nên học đều theo tuần, bám sát đề cương và tự tổng hợp sơ đồ kiến thức để ôn hiệu quả.",https://fit.iuh.edu.vn
56,HTTT,Hệ Thống Thông Tin,40,10,,Phát triển web,Cơ sở ngành,Thực hành + dự án,"Môn học rèn kỹ năng xây dựng ứng dụng, tổ chức mã nguồn và triển khai sản phẩm theo định hướng hệ thống thông tin.","Viết chương trình, thiết kế chức năng, debug và hoàn thiện sản phẩm thực hành.","Nên học bằng project nhỏ, code thường xuyên và lưu repo để tiện ôn thi và làm portfolio.",https://fit.iuh.edu.vn
56,HTTT,Hệ Thống Thông Tin,40,11,,Hệ thống thông tin quản lý (MIS),Chuyên ngành HTTT,Lý thuyết + thực hành,"Học phần thuộc định hướng hệ thống thông tin, giúp sinh viên mở rộng kiến thức chuyên môn và liên hệ với bài toán thực tế.","Củng cố kiến thức cốt lõi của ngành HTTT và tăng khả năng áp dụng vào bài tập, đồ án, dự án.","Nên học đều theo tuần, bám sát đề cương và tự tổng hợp sơ đồ kiến thức để ôn hiệu quả.",https://fit.iuh.edu.vn
56,HTTT,Hệ Thống Thông Tin,40,12,,Phân tích và thiết kế hệ thống thông tin,Chuyên ngành HTTT,Nền tảng kỹ thuật,"Học phần thuộc định hướng hệ thống thông tin, giúp sinh viên mở rộng kiến thức chuyên môn và liên hệ với bài toán thực tế.","Củng cố kiến thức cốt lõi của ngành HTTT và tăng khả năng áp dụng vào bài tập, đồ án, dự án.","Nên học đều theo tuần, bám sát đề cương và tự tổng hợp sơ đồ kiến thức để ôn hiệu quả.",https://fit.iuh.edu.vn
56,HTTT,Hệ Thống Thông Tin,40,13,,Hệ quản trị cơ sở dữ liệu (Oracle/SQL Server),Chuyên ngành HTTT,Thực hành + dự án,"Môn học tập trung vào dữ liệu, cách lưu trữ, xử lý và khai thác thông tin phục vụ các bài toán trong hệ thống thông tin.","Thiết kế dữ liệu, truy vấn, phân tích và khai thác thông tin cho ứng dụng hoặc bài toán chuyên ngành.","Nên luyện bài tập từ dễ đến khó, tự dựng bộ dữ liệu nhỏ để hiểu kỹ khái niệm.",https://fit.iuh.edu.vn
56,HTTT,Hệ Thống Thông Tin,40,14,,Cơ sở dữ liệu nâng cao,Chuyên ngành HTTT,Lý thuyết + thực hành,"Môn học tập trung vào dữ liệu, cách lưu trữ, xử lý và khai thác thông tin phục vụ các bài toán trong hệ thống thông tin.","Thiết kế dữ liệu, truy vấn, phân tích và khai thác thông tin cho ứng dụng hoặc bài toán chuyên ngành.","Nên luyện bài tập từ dễ đến khó, tự dựng bộ dữ liệu nhỏ để hiểu kỹ khái niệm.",https://fit.iuh.edu.vn
56,HTTT,Hệ Thống Thông Tin,40,15,4203003190,Hoạch Định Tài Nguyên Doanh Nghiệp,Chuyên ngành HTTT,Nền tảng kỹ thuật,"Học phần thuộc định hướng hệ thống thông tin, giúp sinh viên mở rộng kiến thức chuyên môn và liên hệ với bài toán thực tế.","Củng cố kiến thức cốt lõi của ngành HTTT và tăng khả năng áp dụng vào bài tập, đồ án, dự án.","Nên học đều theo tuần, bám sát đề cương và tự tổng hợp sơ đồ kiến thức để ôn hiệu quả.",https://fit.iuh.edu.vn
56,HTTT,Hệ Thống Thông Tin,40,16,,Thương mại điện tử,Chuyên ngành HTTT,Nền tảng kỹ thuật,"Học phần thuộc định hướng hệ thống thông tin, giúp sinh viên mở rộng kiến thức chuyên môn và liên hệ với bài toán thực tế.","Củng cố kiến thức cốt lõi của ngành HTTT và tăng khả năng áp dụng vào bài tập, đồ án, dự án.","Nên học đều theo tuần, bám sát đề cương và tự tổng hợp sơ đồ kiến thức để ôn hiệu quả.",https://fit.iuh.edu.vn
56,HTTT,Hệ Thống Thông Tin,40,17,,Quản trị dự án CNTT,Chuyên ngành HTTT,Lý thuyết + thực hành,"Học phần giúp hiểu cách tổ chức, vận hành và quản lý hệ thống hoặc quy trình liên quan đến hệ thống thông tin.","Hiểu cách vận hành hệ thống, cấu hình dịch vụ và xử lý các tình huống triển khai thực tế.","Nên kết hợp lý thuyết với lab thực hành, ghi chú theo mô hình hệ thống để dễ nhớ.",https://fit.iuh.edu.vn
56,HTTT,Hệ Thống Thông Tin,40,18,,An toàn và bảo mật HTTT,Chuyên ngành HTTT,Lý thuyết + thực hành,"Học phần thuộc định hướng hệ thống thông tin, giúp sinh viên mở rộng kiến thức chuyên môn và liên hệ với bài toán thực tế.","Hiểu cách vận hành hệ thống, cấu hình dịch vụ và xử lý các tình huống triển khai thực tế.","Nên học đều theo tuần, bám sát đề cương và tự tổng hợp sơ đồ kiến thức để ôn hiệu quả.",https://fit.iuh.edu.vn
56,HTTT,Hệ Thống Thông Tin,40,19,,Hệ thống thông tin kế toán,Chuyên ngành HTTT,Nền tảng kỹ thuật,"Học phần thuộc định hướng hệ thống thông tin, giúp sinh viên mở rộng kiến thức chuyên môn và liên hệ với bài toán thực tế.","Củng cố kiến thức cốt lõi của ngành HTTT và tăng khả năng áp dụng vào bài tập, đồ án, dự án.","Nên học đều theo tuần, bám sát đề cương và tự tổng hợp sơ đồ kiến thức để ôn hiệu quả.",https://fit.iuh.edu.vn
56,HTTT,Hệ Thống Thông Tin,40,20,,Quản trị chuỗi cung ứng số,Chuyên ngành HTTT,Lý thuyết + thực hành,"Học phần giúp hiểu cách tổ chức, vận hành và quản lý hệ thống hoặc quy trình liên quan đến hệ thống thông tin.","Hiểu cách vận hành hệ thống, cấu hình dịch vụ và xử lý các tình huống triển khai thực tế.","Nên kết hợp lý thuyết với lab thực hành, ghi chú theo mô hình hệ thống để dễ nhớ.",https://fit.iuh.edu.vn
56,HTTT,Hệ Thống Thông Tin,40,21,,Lập trình ứng dụng doanh nghiệp,Chuyên ngành HTTT,Thực hành + dự án,"Môn học rèn kỹ năng xây dựng ứng dụng, tổ chức mã nguồn và triển khai sản phẩm theo định hướng hệ thống thông tin.","Viết chương trình, thiết kế chức năng, debug và hoàn thiện sản phẩm thực hành.","Nên học bằng project nhỏ, code thường xuyên và lưu repo để tiện ôn thi và làm portfolio.",https://fit.iuh.edu.vn
56,HTTT,Hệ Thống Thông Tin,40,22,,Đồ án HTTT,Đồ án/khóa luận HTTT,Dự án/triển khai,"Học phần tổng hợp để sinh viên Hệ Thống Thông Tin vận dụng kiến thức đã học vào đề tài, sản phẩm hoặc báo cáo chuyên sâu.","Tổng hợp kiến thức, triển khai đề tài, thuyết trình và bảo vệ sản phẩm trước hội đồng.","Nên chọn đề tài vừa sức, chia tiến độ theo tuần và làm sớm phần tài liệu để tránh dồn cuối kỳ.",https://fit.iuh.edu.vn
56,HTTT,Hệ Thống Thông Tin,40,23,4203003191,Công Nghệ Mới Trong Phát Triển Ứng Dụng CNTT,Chuyên ngành HTTT,Nền tảng kỹ thuật,"Học phần thuộc định hướng hệ thống thông tin, giúp sinh viên mở rộng kiến thức chuyên môn và liên hệ với bài toán thực tế.","Củng cố kiến thức cốt lõi của ngành HTTT và tăng khả năng áp dụng vào bài tập, đồ án, dự án.","Nên học đều theo tuần, bám sát đề cương và tự tổng hợp sơ đồ kiến thức để ôn hiệu quả.",https://fit.iuh.edu.vn
56,HTTT,Hệ Thống Thông Tin,40,24,4203003192,Lập Trình Phân Tích Dữ Liệu 2,Chuyên ngành HTTT,Nền tảng kỹ thuật,"Học phần thuộc định hướng hệ thống thông tin, giúp sinh viên mở rộng kiến thức chuyên môn và liên hệ với bài toán thực tế.","Củng cố kiến thức cốt lõi của ngành HTTT và tăng khả năng áp dụng vào bài tập, đồ án, dự án.","Nên học đều theo tuần, bám sát đề cương và tự tổng hợp sơ đồ kiến thức để ôn hiệu quả.",https://fit.iuh.edu.vn
56,HTTT,Hệ Thống Thông Tin,40,25,4203003193,Các Hệ Thống Thông Minh Doanh Nghiệp,Chuyên ngành HTTT,Nền tảng kỹ thuật,"Học phần thuộc định hướng hệ thống thông tin, giúp sinh viên mở rộng kiến thức chuyên môn và liên hệ với bài toán thực tế.","Củng cố kiến thức cốt lõi của ngành HTTT và tăng khả năng áp dụng vào bài tập, đồ án, dự án.","Nên học đều theo tuần, bám sát đề cương và tự tổng hợp sơ đồ kiến thức để ôn hiệu quả.",https://fit.iuh.edu.vn
56,HTTT,Hệ Thống Thông Tin,40,26,4203003194,Hệ Quản Trị Cơ Sở Dữ Liệu,Chuyên ngành HTTT,Nền tảng kỹ thuật,"Học phần thuộc định hướng hệ thống thông tin, giúp sinh viên mở rộng kiến thức chuyên môn và liên hệ với bài toán thực tế.","Củng cố kiến thức cốt lõi của ngành HTTT và tăng khả năng áp dụng vào bài tập, đồ án, dự án.","Nên học đều theo tuần, bám sát đề cương và tự tổng hợp sơ đồ kiến thức để ôn hiệu quả.",https://fit.iuh.edu.vn
56,HTTT,Hệ Thống Thông Tin,40,27,4203003195,Phát Triển Ứng Dụng,Chuyên ngành HTTT,Nền tảng kỹ thuật,"Học phần thuộc định hướng hệ thống thông tin, giúp sinh viên mở rộng kiến thức chuyên môn và liên hệ với bài toán thực tế.","Củng cố kiến thức cốt lõi của ngành HTTT và tăng khả năng áp dụng vào bài tập, đồ án, dự án.","Nên học đều theo tuần, bám sát đề cương và tự tổng hợp sơ đồ kiến thức để ôn hiệu quả.",https://fit.iuh.edu.vn
56,HTTT,Hệ Thống Thông Tin,40,28,4203003196,Phân Tích Thiết Kế Hệ Thống,Chuyên ngành HTTT,Nền tảng kỹ thuật,"Học phần thuộc định hướng hệ thống thông tin, giúp sinh viên mở rộng kiến thức chuyên môn và liên hệ với bài toán thực tế.","Củng cố kiến thức cốt lõi của ngành HTTT và tăng khả năng áp dụng vào bài tập, đồ án, dự án.","Nên học đều theo tuần, bám sát đề cương và tự tổng hợp sơ đồ kiến thức để ôn hiệu quả.",https://fit.iuh.edu.vn
56,HTTT,Hệ Thống Thông Tin,40,29,4203003197,Quản Lý Dự Án,Chuyên ngành HTTT,Nền tảng kỹ thuật,"Học phần thuộc định hướng hệ thống thông tin, giúp sinh viên mở rộng kiến thức chuyên môn và liên hệ với bài toán thực tế.","Củng cố kiến thức cốt lõi của ngành HTTT và tăng khả năng áp dụng vào bài tập, đồ án, dự án.","Nên học đều theo tuần, bám sát đề cương và tự tổng hợp sơ đồ kiến thức để ôn hiệu quả.",https://fit.iuh.edu.vn
56,HTTT,Hệ Thống Thông Tin,40,30,4203003198,Quản Trị Tác Nghiệp TMĐT,Chuyên ngành HTTT,Nền tảng kỹ thuật,"Học phần thuộc định hướng hệ thống thông tin, giúp sinh viên mở rộng kiến thức chuyên môn và liên hệ với bài toán thực tế.","Củng cố kiến thức cốt lõi của ngành HTTT và tăng khả năng áp dụng vào bài tập, đồ án, dự án.","Nên học đều theo tuần, bám sát đề cương và tự tổng hợp sơ đồ kiến thức để ôn hiệu quả.",https://fit.iuh.edu.vn
57,CNTT,Công Nghệ Thông Tin,40,1,,Nhập môn lập trình,Cơ sở ngành,Nền tảng kỹ thuật,"Học phần thuộc định hướng công nghệ thông tin, giúp sinh viên mở rộng kiến thức chuyên môn và liên hệ với bài toán thực tế.","Củng cố kiến thức cốt lõi của ngành CNTT và tăng khả năng áp dụng vào bài tập, đồ án, dự án.","Nên học đều theo tuần, bám sát đề cương và tự tổng hợp sơ đồ kiến thức để ôn hiệu quả.",https://fit.iuh.edu.vn
57,CNTT,Công Nghệ Thông Tin,40,2,,Kỹ thuật lập trình,Cơ sở ngành,Nền tảng kỹ thuật,"Học phần thuộc định hướng công nghệ thông tin, giúp sinh viên mở rộng kiến thức chuyên môn và liên hệ với bài toán thực tế.","Củng cố kiến thức cốt lõi của ngành CNTT và tăng khả năng áp dụng vào bài tập, đồ án, dự án.","Nên học đều theo tuần, bám sát đề cương và tự tổng hợp sơ đồ kiến thức để ôn hiệu quả.",https://fit.iuh.edu.vn
57,CNTT,Công Nghệ Thông Tin,40,3,,Lập trình hướng đối tượng,Cơ sở ngành,Thực hành + dự án,"Môn học rèn kỹ năng xây dựng ứng dụng, tổ chức mã nguồn và triển khai sản phẩm theo định hướng công nghệ thông tin.","Viết chương trình, thiết kế chức năng, debug và hoàn thiện sản phẩm thực hành.","Nên học bằng project nhỏ, code thường xuyên và lưu repo để tiện ôn thi và làm portfolio.",https://fit.iuh.edu.vn
57,CNTT,Công Nghệ Thông Tin,40,4,,Cấu trúc dữ liệu và giải thuật,Cơ sở ngành,Nền tảng kỹ thuật,"Môn học tập trung vào dữ liệu, cách lưu trữ, xử lý và khai thác thông tin phục vụ các bài toán trong công nghệ thông tin.","Thiết kế dữ liệu, truy vấn, phân tích và khai thác thông tin cho ứng dụng hoặc bài toán chuyên ngành.","Nên luyện bài tập từ dễ đến khó, tự dựng bộ dữ liệu nhỏ để hiểu kỹ khái niệm.",https://fit.iuh.edu.vn
57,CNTT,Công Nghệ Thông Tin,40,5,,Cơ sở dữ liệu,Cơ sở ngành,Lý thuyết + thực hành,"Môn học tập trung vào dữ liệu, cách lưu trữ, xử lý và khai thác thông tin phục vụ các bài toán trong công nghệ thông tin.","Thiết kế dữ liệu, truy vấn, phân tích và khai thác thông tin cho ứng dụng hoặc bài toán chuyên ngành.","Nên luyện bài tập từ dễ đến khó, tự dựng bộ dữ liệu nhỏ để hiểu kỹ khái niệm.",https://fit.iuh.edu.vn
57,CNTT,Công Nghệ Thông Tin,40,6,,Mạng máy tính,Cơ sở ngành,Lý thuyết + thực hành,"Học phần thuộc định hướng công nghệ thông tin, giúp sinh viên mở rộng kiến thức chuyên môn và liên hệ với bài toán thực tế.","Hiểu cách vận hành hệ thống, cấu hình dịch vụ và xử lý các tình huống triển khai thực tế.","Nên kết hợp lý thuyết với lab thực hành, ghi chú theo mô hình hệ thống để dễ nhớ.",https://fit.iuh.edu.vn
57,CNTT,Công Nghệ Thông Tin,40,7,,Kiến trúc máy tính,Cơ sở ngành,Nền tảng kỹ thuật,"Học phần thuộc định hướng công nghệ thông tin, giúp sinh viên mở rộng kiến thức chuyên môn và liên hệ với bài toán thực tế.","Củng cố kiến thức cốt lõi của ngành CNTT và tăng khả năng áp dụng vào bài tập, đồ án, dự án.","Nên học đều theo tuần, bám sát đề cương và tự tổng hợp sơ đồ kiến thức để ôn hiệu quả.",https://fit.iuh.edu.vn
57,CNTT,Công Nghệ Thông Tin,40,8,,Toán rời rạc,Cơ sở ngành,Nền tảng kỹ thuật,"Học phần thuộc định hướng công nghệ thông tin, giúp sinh viên mở rộng kiến thức chuyên môn và liên hệ với bài toán thực tế.","Củng cố kiến thức cốt lõi của ngành CNTT và tăng khả năng áp dụng vào bài tập, đồ án, dự án.","Nên học đều theo tuần, bám sát đề cương và tự tổng hợp sơ đồ kiến thức để ôn hiệu quả.",https://fit.iuh.edu.vn
57,CNTT,Công Nghệ Thông Tin,40,9,,Xác suất thống kê cho máy tính,Cơ sở ngành,Nền tảng kỹ thuật,"Học phần thuộc định hướng công nghệ thông tin, giúp sinh viên mở rộng kiến thức chuyên môn và liên hệ với bài toán thực tế.","Củng cố kiến thức cốt lõi của ngành CNTT và tăng khả năng áp dụng vào bài tập, đồ án, dự án.","Nên học đều theo tuần, bám sát đề cương và tự tổng hợp sơ đồ kiến thức để ôn hiệu quả.",https://fit.iuh.edu.vn
57,CNTT,Công Nghệ Thông Tin,40,10,,Phát triển web,Cơ sở ngành,Thực hành + dự án,"Môn học rèn kỹ năng xây dựng ứng dụng, tổ chức mã nguồn và triển khai sản phẩm theo định hướng công nghệ thông tin.","Viết chương trình, thiết kế chức năng, debug và hoàn thiện sản phẩm thực hành.","Nên học bằng project nhỏ, code thường xuyên và lưu repo để tiện ôn thi và làm portfolio.",https://fit.iuh.edu.vn
57,CNTT,Công Nghệ Thông Tin,40,11,,Lập trình Web (Frontend),Chuyên ngành CNTT,Thực hành + dự án,"Môn học rèn kỹ năng xây dựng ứng dụng, tổ chức mã nguồn và triển khai sản phẩm theo định hướng công nghệ thông tin.","Viết chương trình, thiết kế chức năng, debug và hoàn thiện sản phẩm thực hành.","Nên học bằng project nhỏ, code thường xuyên và lưu repo để tiện ôn thi và làm portfolio.",https://fit.iuh.edu.vn
57,CNTT,Công Nghệ Thông Tin,40,12,,Phát triển ứng dụng Web (Backend),Chuyên ngành CNTT,Thực hành + dự án,"Môn học rèn kỹ năng xây dựng ứng dụng, tổ chức mã nguồn và triển khai sản phẩm theo định hướng công nghệ thông tin.","Viết chương trình, thiết kế chức năng, debug và hoàn thiện sản phẩm thực hành.","Nên học bằng project nhỏ, code thường xuyên và lưu repo để tiện ôn thi và làm portfolio.",https://fit.iuh.edu.vn
57,CNTT,Công Nghệ Thông Tin,40,13,,Kiến trúc máy tính & Hợp ngữ,Chuyên ngành CNTT,Nền tảng kỹ thuật,"Học phần thuộc định hướng công nghệ thông tin, giúp sinh viên mở rộng kiến thức chuyên môn và liên hệ với bài toán thực tế.","Củng cố kiến thức cốt lõi của ngành CNTT và tăng khả năng áp dụng vào bài tập, đồ án, dự án.","Nên học đều theo tuần, bám sát đề cương và tự tổng hợp sơ đồ kiến thức để ôn hiệu quả.",https://fit.iuh.edu.vn
57,CNTT,Công Nghệ Thông Tin,40,14,,Lập trình thiết bị di động,Chuyên ngành CNTT,Thực hành + dự án,"Môn học rèn kỹ năng xây dựng ứng dụng, tổ chức mã nguồn và triển khai sản phẩm theo định hướng công nghệ thông tin.","Viết chương trình, thiết kế chức năng, debug và hoàn thiện sản phẩm thực hành.","Nên học bằng project nhỏ, code thường xuyên và lưu repo để tiện ôn thi và làm portfolio.",https://fit.iuh.edu.vn
57,CNTT,Công Nghệ Thông Tin,40,15,,Quản trị hệ thống mạng,Chuyên ngành CNTT,Lý thuyết + thực hành,"Học phần giúp hiểu cách tổ chức, vận hành và quản lý hệ thống hoặc quy trình liên quan đến công nghệ thông tin.","Hiểu cách vận hành hệ thống, cấu hình dịch vụ và xử lý các tình huống triển khai thực tế.","Nên kết hợp lý thuyết với lab thực hành, ghi chú theo mô hình hệ thống để dễ nhớ.",https://fit.iuh.edu.vn
57,CNTT,Công Nghệ Thông Tin,40,16,,An ninh mạng,Chuyên ngành CNTT,Lý thuyết + thực hành,"Học phần thuộc định hướng công nghệ thông tin, giúp sinh viên mở rộng kiến thức chuyên môn và liên hệ với bài toán thực tế.","Hiểu cách vận hành hệ thống, cấu hình dịch vụ và xử lý các tình huống triển khai thực tế.","Nên học đều theo tuần, bám sát đề cương và tự tổng hợp sơ đồ kiến thức để ôn hiệu quả.",https://fit.iuh.edu.vn
57,CNTT,Công Nghệ Thông Tin,40,17,,Điện toán đám mây,Chuyên ngành CNTT,Lý thuyết + thực hành,"Học phần thuộc định hướng công nghệ thông tin, giúp sinh viên mở rộng kiến thức chuyên môn và liên hệ với bài toán thực tế.","Củng cố kiến thức cốt lõi của ngành CNTT và tăng khả năng áp dụng vào bài tập, đồ án, dự án.","Nên học đều theo tuần, bám sát đề cương và tự tổng hợp sơ đồ kiến thức để ôn hiệu quả.",https://fit.iuh.edu.vn
57,CNTT,Công Nghệ Thông Tin,40,18,,Quản trị hệ điều hành Linux,Chuyên ngành CNTT,Lý thuyết + thực hành,"Học phần giúp hiểu cách tổ chức, vận hành và quản lý hệ thống hoặc quy trình liên quan đến công nghệ thông tin.","Hiểu cách vận hành hệ thống, cấu hình dịch vụ và xử lý các tình huống triển khai thực tế.","Nên kết hợp lý thuyết với lab thực hành, ghi chú theo mô hình hệ thống để dễ nhớ.",https://fit.iuh.edu.vn
57,CNTT,Công Nghệ Thông Tin,40,19,,Internet vạn vật (IoT),Chuyên ngành CNTT,Thực hành + dự án,"Học phần thuộc định hướng công nghệ thông tin, giúp sinh viên mở rộng kiến thức chuyên môn và liên hệ với bài toán thực tế.","Củng cố kiến thức cốt lõi của ngành CNTT và tăng khả năng áp dụng vào bài tập, đồ án, dự án.","Nên học đều theo tuần, bám sát đề cương và tự tổng hợp sơ đồ kiến thức để ôn hiệu quả.",https://fit.iuh.edu.vn
57,CNTT,Công Nghệ Thông Tin,40,20,,Phân tích thiết kế hệ thống,Chuyên ngành CNTT,Nền tảng kỹ thuật,"Học phần thuộc định hướng công nghệ thông tin, giúp sinh viên mở rộng kiến thức chuyên môn và liên hệ với bài toán thực tế.","Củng cố kiến thức cốt lõi của ngành CNTT và tăng khả năng áp dụng vào bài tập, đồ án, dự án.","Nên học đều theo tuần, bám sát đề cương và tự tổng hợp sơ đồ kiến thức để ôn hiệu quả.",https://fit.iuh.edu.vn
57,CNTT,Công Nghệ Thông Tin,40,21,,Quản trị cơ sở dữ liệu,Chuyên ngành CNTT,Lý thuyết + thực hành,"Học phần giúp hiểu cách tổ chức, vận hành và quản lý hệ thống hoặc quy trình liên quan đến công nghệ thông tin.","Hiểu cách vận hành hệ thống, cấu hình dịch vụ và xử lý các tình huống triển khai thực tế.","Nên kết hợp lý thuyết với lab thực hành, ghi chú theo mô hình hệ thống để dễ nhớ.",https://fit.iuh.edu.vn
57,CNTT,Công Nghệ Thông Tin,40,22,,Xử lý ảnh,Chuyên ngành CNTT,Nền tảng kỹ thuật,"Học phần thuộc định hướng công nghệ thông tin, giúp sinh viên mở rộng kiến thức chuyên môn và liên hệ với bài toán thực tế.","Củng cố kiến thức cốt lõi của ngành CNTT và tăng khả năng áp dụng vào bài tập, đồ án, dự án.","Nên học đều theo tuần, bám sát đề cương và tự tổng hợp sơ đồ kiến thức để ôn hiệu quả.",https://fit.iuh.edu.vn
57,CNTT,Công Nghệ Thông Tin,40,23,,Chuyên đề J2EE hoặc .NET,Chuyên ngành CNTT,Thực hành + dự án,"Học phần thuộc định hướng công nghệ thông tin, giúp sinh viên mở rộng kiến thức chuyên môn và liên hệ với bài toán thực tế.","Củng cố kiến thức cốt lõi của ngành CNTT và tăng khả năng áp dụng vào bài tập, đồ án, dự án.","Nên học đều theo tuần, bám sát đề cương và tự tổng hợp sơ đồ kiến thức để ôn hiệu quả.",https://fit.iuh.edu.vn
57,CNTT,Công Nghệ Thông Tin,40,24,,Thực tập doanh nghiệp,Thực tập CNTT,Dự án/triển khai,"Môn gắn với môi trường doanh nghiệp, giúp sinh viên Công Nghệ Thông Tin tiếp cận quy trình làm việc thực tế và hoàn thiện kỹ năng nghề nghiệp.","Làm việc nhóm, viết báo cáo, giao tiếp doanh nghiệp và thích nghi với môi trường làm việc thật.","Nên ghi log công việc hằng tuần, chủ động hỏi mentor và lưu lại tài liệu để viết báo cáo cuối kỳ.",https://fit.iuh.edu.vn
57,CNTT,Công Nghệ Thông Tin,40,25,,Khóa luận/Đồ án tốt nghiệp,Đồ án/khóa luận CNTT,Dự án/triển khai,"Học phần tổng hợp để sinh viên Công Nghệ Thông Tin vận dụng kiến thức đã học vào đề tài, sản phẩm hoặc báo cáo chuyên sâu.","Tổng hợp kiến thức, triển khai đề tài, thuyết trình và bảo vệ sản phẩm trước hội đồng.","Nên chọn đề tài vừa sức, chia tiến độ theo tuần và làm sớm phần tài liệu để tránh dồn cuối kỳ.",https://fit.iuh.edu.vn
57,CNTT,Công Nghệ Thông Tin,40,26,,Lập trình tích hợp hệ thống,Chuyên ngành CNTT,Thực hành + dự án,"Môn học rèn kỹ năng xây dựng ứng dụng, tổ chức mã nguồn và triển khai sản phẩm theo định hướng công nghệ thông tin.","Viết chương trình, thiết kế chức năng, debug và hoàn thiện sản phẩm thực hành.","Nên học bằng project nhỏ, code thường xuyên và lưu repo để tiện ôn thi và làm portfolio.",https://fit.iuh.edu.vn
57,CNTT,Công Nghệ Thông Tin,40,27,,Trí tuệ nhân tạo ứng dụng,Chuyên ngành CNTT,Nền tảng kỹ thuật,"Học phần thuộc định hướng công nghệ thông tin, giúp sinh viên mở rộng kiến thức chuyên môn và liên hệ với bài toán thực tế.","Củng cố kiến thức cốt lõi của ngành CNTT và tăng khả năng áp dụng vào bài tập, đồ án, dự án.","Nên học đều theo tuần, bám sát đề cương và tự tổng hợp sơ đồ kiến thức để ôn hiệu quả.",https://fit.iuh.edu.vn
57,CNTT,Công Nghệ Thông Tin,40,28,4203003195,Phát Triển Ứng Dụng,Chuyên ngành CNTT,Nền tảng kỹ thuật,"Học phần thuộc định hướng công nghệ thông tin, giúp sinh viên mở rộng kiến thức chuyên môn và liên hệ với bài toán thực tế.","Củng cố kiến thức cốt lõi của ngành CNTT và tăng khả năng áp dụng vào bài tập, đồ án, dự án.","Nên học đều theo tuần, bám sát đề cương và tự tổng hợp sơ đồ kiến thức để ôn hiệu quả.",https://fit.iuh.edu.vn
57,CNTT,Công Nghệ Thông Tin,40,29,4203003191,Công Nghệ Mới Trong Phát Triển Ứng Dụng CNTT,Chuyên ngành CNTT,Nền tảng kỹ thuật,"Học phần thuộc định hướng công nghệ thông tin, giúp sinh viên mở rộng kiến thức chuyên môn và liên hệ với bài toán thực tế.","Củng cố kiến thức cốt lõi của ngành CNTT và tăng khả năng áp dụng vào bài tập, đồ án, dự án.","Nên học đều theo tuần, bám sát đề cương và tự tổng hợp sơ đồ kiến thức để ôn hiệu quả.",https://fit.iuh.edu.vn
57,CNTT,Công Nghệ Thông Tin,40,30,4203003192,Lập Trình Phân Tích Dữ Liệu 2,Chuyên ngành CNTT,Nền tảng kỹ thuật,"Học phần thuộc định hướng công nghệ thông tin, giúp sinh viên mở rộng kiến thức chuyên môn và liên hệ với bài toán thực tế.","Củng cố kiến thức cốt lõi của ngành CNTT và tăng khả năng áp dụng vào bài tập, đồ án, dự án.","Nên học đều theo tuần, bám sát đề cương và tự tổng hợp sơ đồ kiến thức để ôn hiệu quả.",https://fit.iuh.edu.vn
58,KHMT,Khoa Học Máy Tính,40,1,,Nhập môn lập trình,Cơ sở ngành,Nền tảng kỹ thuật,"Học phần thuộc định hướng khoa học máy tính, giúp sinh viên mở rộng kiến thức chuyên môn và liên hệ với bài toán thực tế.","Củng cố kiến thức cốt lõi của ngành KHMT và tăng khả năng áp dụng vào bài tập, đồ án, dự án.","Nên học đều theo tuần, bám sát đề cương và tự tổng hợp sơ đồ kiến thức để ôn hiệu quả.",https://fit.iuh.edu.vn
58,KHMT,Khoa Học Máy Tính,40,2,,Kỹ thuật lập trình,Cơ sở ngành,Nền tảng kỹ thuật,"Học phần thuộc định hướng khoa học máy tính, giúp sinh viên mở rộng kiến thức chuyên môn và liên hệ với bài toán thực tế.","Củng cố kiến thức cốt lõi của ngành KHMT và tăng khả năng áp dụng vào bài tập, đồ án, dự án.","Nên học đều theo tuần, bám sát đề cương và tự tổng hợp sơ đồ kiến thức để ôn hiệu quả.",https://fit.iuh.edu.vn
58,KHMT,Khoa Học Máy Tính,40,3,,Lập trình hướng đối tượng,Cơ sở ngành,Thực hành + dự án,"Môn học rèn kỹ năng xây dựng ứng dụng, tổ chức mã nguồn và triển khai sản phẩm theo định hướng khoa học máy tính.","Viết chương trình, thiết kế chức năng, debug và hoàn thiện sản phẩm thực hành.","Nên học bằng project nhỏ, code thường xuyên và lưu repo để tiện ôn thi và làm portfolio.",https://fit.iuh.edu.vn
58,KHMT,Khoa Học Máy Tính,40,4,,Cấu trúc dữ liệu và giải thuật,Cơ sở ngành,Nền tảng kỹ thuật,"Môn học tập trung vào dữ liệu, cách lưu trữ, xử lý và khai thác thông tin phục vụ các bài toán trong khoa học máy tính.","Thiết kế dữ liệu, truy vấn, phân tích và khai thác thông tin cho ứng dụng hoặc bài toán chuyên ngành.","Nên luyện bài tập từ dễ đến khó, tự dựng bộ dữ liệu nhỏ để hiểu kỹ khái niệm.",https://fit.iuh.edu.vn
58,KHMT,Khoa Học Máy Tính,40,5,,Cơ sở dữ liệu,Cơ sở ngành,Lý thuyết + thực hành,"Môn học tập trung vào dữ liệu, cách lưu trữ, xử lý và khai thác thông tin phục vụ các bài toán trong khoa học máy tính.","Thiết kế dữ liệu, truy vấn, phân tích và khai thác thông tin cho ứng dụng hoặc bài toán chuyên ngành.","Nên luyện bài tập từ dễ đến khó, tự dựng bộ dữ liệu nhỏ để hiểu kỹ khái niệm.",https://fit.iuh.edu.vn
58,KHMT,Khoa Học Máy Tính,40,6,,Mạng máy tính,Cơ sở ngành,Lý thuyết + thực hành,"Học phần thuộc định hướng khoa học máy tính, giúp sinh viên mở rộng kiến thức chuyên môn và liên hệ với bài toán thực tế.","Hiểu cách vận hành hệ thống, cấu hình dịch vụ và xử lý các tình huống triển khai thực tế.","Nên kết hợp lý thuyết với lab thực hành, ghi chú theo mô hình hệ thống để dễ nhớ.",https://fit.iuh.edu.vn
58,KHMT,Khoa Học Máy Tính,40,7,,Kiến trúc máy tính,Cơ sở ngành,Nền tảng kỹ thuật,"Học phần thuộc định hướng khoa học máy tính, giúp sinh viên mở rộng kiến thức chuyên môn và liên hệ với bài toán thực tế.","Củng cố kiến thức cốt lõi của ngành KHMT và tăng khả năng áp dụng vào bài tập, đồ án, dự án.","Nên học đều theo tuần, bám sát đề cương và tự tổng hợp sơ đồ kiến thức để ôn hiệu quả.",https://fit.iuh.edu.vn
58,KHMT,Khoa Học Máy Tính,40,8,,Toán rời rạc,Cơ sở ngành,Nền tảng kỹ thuật,"Học phần thuộc định hướng khoa học máy tính, giúp sinh viên mở rộng kiến thức chuyên môn và liên hệ với bài toán thực tế.","Củng cố kiến thức cốt lõi của ngành KHMT và tăng khả năng áp dụng vào bài tập, đồ án, dự án.","Nên học đều theo tuần, bám sát đề cương và tự tổng hợp sơ đồ kiến thức để ôn hiệu quả.",https://fit.iuh.edu.vn
58,KHMT,Khoa Học Máy Tính,40,9,,Xác suất thống kê cho máy tính,Cơ sở ngành,Nền tảng kỹ thuật,"Học phần thuộc định hướng khoa học máy tính, giúp sinh viên mở rộng kiến thức chuyên môn và liên hệ với bài toán thực tế.","Củng cố kiến thức cốt lõi của ngành KHMT và tăng khả năng áp dụng vào bài tập, đồ án, dự án.","Nên học đều theo tuần, bám sát đề cương và tự tổng hợp sơ đồ kiến thức để ôn hiệu quả.",https://fit.iuh.edu.vn
58,KHMT,Khoa Học Máy Tính,40,10,,Phát triển web,Cơ sở ngành,Thực hành + dự án,"Môn học rèn kỹ năng xây dựng ứng dụng, tổ chức mã nguồn và triển khai sản phẩm theo định hướng khoa học máy tính.","Viết chương trình, thiết kế chức năng, debug và hoàn thiện sản phẩm thực hành.","Nên học bằng project nhỏ, code thường xuyên và lưu repo để tiện ôn thi và làm portfolio.",https://fit.iuh.edu.vn
58,KHMT,Khoa Học Máy Tính,40,11,,Trí tuệ nhân tạo (AI),Chuyên ngành KHMT,Nền tảng kỹ thuật,"Học phần thuộc định hướng khoa học máy tính, giúp sinh viên mở rộng kiến thức chuyên môn và liên hệ với bài toán thực tế.","Củng cố kiến thức cốt lõi của ngành KHMT và tăng khả năng áp dụng vào bài tập, đồ án, dự án.","Nên học đều theo tuần, bám sát đề cương và tự tổng hợp sơ đồ kiến thức để ôn hiệu quả.",https://fit.iuh.edu.vn
58,KHMT,Khoa Học Máy Tính,40,12,,Phân tích và thiết kế thuật toán,Chuyên ngành KHMT,Nền tảng kỹ thuật,"Học phần thuộc định hướng khoa học máy tính, giúp sinh viên mở rộng kiến thức chuyên môn và liên hệ với bài toán thực tế.","Củng cố kiến thức cốt lõi của ngành KHMT và tăng khả năng áp dụng vào bài tập, đồ án, dự án.","Nên học đều theo tuần, bám sát đề cương và tự tổng hợp sơ đồ kiến thức để ôn hiệu quả.",https://fit.iuh.edu.vn
58,KHMT,Khoa Học Máy Tính,40,13,,Lý thuyết đồ thị,Chuyên ngành KHMT,Nền tảng kỹ thuật,"Học phần thuộc định hướng khoa học máy tính, giúp sinh viên mở rộng kiến thức chuyên môn và liên hệ với bài toán thực tế.","Củng cố kiến thức cốt lõi của ngành KHMT và tăng khả năng áp dụng vào bài tập, đồ án, dự án.","Nên học đều theo tuần, bám sát đề cương và tự tổng hợp sơ đồ kiến thức để ôn hiệu quả.",https://fit.iuh.edu.vn
58,KHMT,Khoa Học Máy Tính,40,14,,Xử lý tín hiệu số,Chuyên ngành KHMT,Nền tảng kỹ thuật,"Học phần thuộc định hướng khoa học máy tính, giúp sinh viên mở rộng kiến thức chuyên môn và liên hệ với bài toán thực tế.","Củng cố kiến thức cốt lõi của ngành KHMT và tăng khả năng áp dụng vào bài tập, đồ án, dự án.","Nên học đều theo tuần, bám sát đề cương và tự tổng hợp sơ đồ kiến thức để ôn hiệu quả.",https://fit.iuh.edu.vn
58,KHMT,Khoa Học Máy Tính,40,15,,Mật mã học và an toàn dữ liệu,Chuyên ngành KHMT,Nền tảng kỹ thuật,"Môn học tập trung vào dữ liệu, cách lưu trữ, xử lý và khai thác thông tin phục vụ các bài toán trong khoa học máy tính.","Thiết kế dữ liệu, truy vấn, phân tích và khai thác thông tin cho ứng dụng hoặc bài toán chuyên ngành.","Nên luyện bài tập từ dễ đến khó, tự dựng bộ dữ liệu nhỏ để hiểu kỹ khái niệm.",https://fit.iuh.edu.vn
58,KHMT,Khoa Học Máy Tính,40,16,,Lý thuyết ngôn ngữ hình thức & ôtômát,Chuyên ngành KHMT,Nền tảng kỹ thuật,"Học phần thuộc định hướng khoa học máy tính, giúp sinh viên mở rộng kiến thức chuyên môn và liên hệ với bài toán thực tế.","Củng cố kiến thức cốt lõi của ngành KHMT và tăng khả năng áp dụng vào bài tập, đồ án, dự án.","Nên học đều theo tuần, bám sát đề cương và tự tổng hợp sơ đồ kiến thức để ôn hiệu quả.",https://fit.iuh.edu.vn
58,KHMT,Khoa Học Máy Tính,40,17,,Lập trình Python cho AI,Chuyên ngành KHMT,Thực hành + dự án,"Môn học rèn kỹ năng xây dựng ứng dụng, tổ chức mã nguồn và triển khai sản phẩm theo định hướng khoa học máy tính.","Viết chương trình, thiết kế chức năng, debug và hoàn thiện sản phẩm thực hành.","Nên học bằng project nhỏ, code thường xuyên và lưu repo để tiện ôn thi và làm portfolio.",https://fit.iuh.edu.vn
58,KHMT,Khoa Học Máy Tính,40,18,,Tương tác người - máy,Chuyên ngành KHMT,Nền tảng kỹ thuật,"Học phần thuộc định hướng khoa học máy tính, giúp sinh viên mở rộng kiến thức chuyên môn và liên hệ với bài toán thực tế.","Củng cố kiến thức cốt lõi của ngành KHMT và tăng khả năng áp dụng vào bài tập, đồ án, dự án.","Nên học đều theo tuần, bám sát đề cương và tự tổng hợp sơ đồ kiến thức để ôn hiệu quả.",https://fit.iuh.edu.vn
58,KHMT,Khoa Học Máy Tính,40,19,,Hệ thống chuyên gia,Chuyên ngành KHMT,Nền tảng kỹ thuật,"Học phần thuộc định hướng khoa học máy tính, giúp sinh viên mở rộng kiến thức chuyên môn và liên hệ với bài toán thực tế.","Củng cố kiến thức cốt lõi của ngành KHMT và tăng khả năng áp dụng vào bài tập, đồ án, dự án.","Nên học đều theo tuần, bám sát đề cương và tự tổng hợp sơ đồ kiến thức để ôn hiệu quả.",https://fit.iuh.edu.vn
58,KHMT,Khoa Học Máy Tính,40,20,,Tính toán khoa học,Chuyên ngành KHMT,Nền tảng kỹ thuật,"Học phần thuộc định hướng khoa học máy tính, giúp sinh viên mở rộng kiến thức chuyên môn và liên hệ với bài toán thực tế.","Củng cố kiến thức cốt lõi của ngành KHMT và tăng khả năng áp dụng vào bài tập, đồ án, dự án.","Nên học đều theo tuần, bám sát đề cương và tự tổng hợp sơ đồ kiến thức để ôn hiệu quả.",https://fit.iuh.edu.vn
58,KHMT,Khoa Học Máy Tính,40,21,,Robotics cơ bản,Chuyên ngành KHMT,Nền tảng kỹ thuật,"Học phần thuộc định hướng khoa học máy tính, giúp sinh viên mở rộng kiến thức chuyên môn và liên hệ với bài toán thực tế.","Củng cố kiến thức cốt lõi của ngành KHMT và tăng khả năng áp dụng vào bài tập, đồ án, dự án.","Nên học đều theo tuần, bám sát đề cương và tự tổng hợp sơ đồ kiến thức để ôn hiệu quả.",https://fit.iuh.edu.vn
58,KHMT,Khoa Học Máy Tính,40,22,,Khai phá dữ liệu,Chuyên ngành KHMT,Nền tảng kỹ thuật,"Môn học tập trung vào dữ liệu, cách lưu trữ, xử lý và khai thác thông tin phục vụ các bài toán trong khoa học máy tính.","Thiết kế dữ liệu, truy vấn, phân tích và khai thác thông tin cho ứng dụng hoặc bài toán chuyên ngành.","Nên luyện bài tập từ dễ đến khó, tự dựng bộ dữ liệu nhỏ để hiểu kỹ khái niệm.",https://fit.iuh.edu.vn
58,KHMT,Khoa Học Máy Tính,40,23,,Khoa học dữ liệu cơ bản,Chuyên ngành KHMT,Nền tảng kỹ thuật,"Môn học tập trung vào dữ liệu, cách lưu trữ, xử lý và khai thác thông tin phục vụ các bài toán trong khoa học máy tính.","Thiết kế dữ liệu, truy vấn, phân tích và khai thác thông tin cho ứng dụng hoặc bài toán chuyên ngành.","Nên luyện bài tập từ dễ đến khó, tự dựng bộ dữ liệu nhỏ để hiểu kỹ khái niệm.",https://fit.iuh.edu.vn
58,KHMT,Khoa Học Máy Tính,40,24,,Big Data,Chuyên ngành KHMT,Nền tảng kỹ thuật,"Học phần thuộc định hướng khoa học máy tính, giúp sinh viên mở rộng kiến thức chuyên môn và liên hệ với bài toán thực tế.","Củng cố kiến thức cốt lõi của ngành KHMT và tăng khả năng áp dụng vào bài tập, đồ án, dự án.","Nên học đều theo tuần, bám sát đề cương và tự tổng hợp sơ đồ kiến thức để ôn hiệu quả.",https://fit.iuh.edu.vn
58,KHMT,Khoa Học Máy Tính,40,25,,Phương pháp nghiên cứu khoa học máy tính,Chuyên ngành KHMT,Nền tảng kỹ thuật,"Học phần thuộc định hướng khoa học máy tính, giúp sinh viên mở rộng kiến thức chuyên môn và liên hệ với bài toán thực tế.","Củng cố kiến thức cốt lõi của ngành KHMT và tăng khả năng áp dụng vào bài tập, đồ án, dự án.","Nên học đều theo tuần, bám sát đề cương và tự tổng hợp sơ đồ kiến thức để ôn hiệu quả.",https://fit.iuh.edu.vn
58,KHMT,Khoa Học Máy Tính,40,26,,Thực tập doanh nghiệp khoa học máy tính,Thực tập KHMT,Dự án/triển khai,"Môn gắn với môi trường doanh nghiệp, giúp sinh viên Khoa Học Máy Tính tiếp cận quy trình làm việc thực tế và hoàn thiện kỹ năng nghề nghiệp.","Làm việc nhóm, viết báo cáo, giao tiếp doanh nghiệp và thích nghi với môi trường làm việc thật.","Nên ghi log công việc hằng tuần, chủ động hỏi mentor và lưu lại tài liệu để viết báo cáo cuối kỳ.",https://fit.iuh.edu.vn
58,KHMT,Khoa Học Máy Tính,40,27,,Đồ án chuyên ngành KHMT,Đồ án/khóa luận KHMT,Dự án/triển khai,"Học phần tổng hợp để sinh viên Khoa Học Máy Tính vận dụng kiến thức đã học vào đề tài, sản phẩm hoặc báo cáo chuyên sâu.","Tổng hợp kiến thức, triển khai đề tài, thuyết trình và bảo vệ sản phẩm trước hội đồng.","Nên chọn đề tài vừa sức, chia tiến độ theo tuần và làm sớm phần tài liệu để tránh dồn cuối kỳ.",https://fit.iuh.edu.vn
58,KHMT,Khoa Học Máy Tính,40,28,,Khóa luận tốt nghiệp,Đồ án/khóa luận KHMT,Dự án/triển khai,"Học phần tổng hợp để sinh viên Khoa Học Máy Tính vận dụng kiến thức đã học vào đề tài, sản phẩm hoặc báo cáo chuyên sâu.","Tổng hợp kiến thức, triển khai đề tài, thuyết trình và bảo vệ sản phẩm trước hội đồng.","Nên chọn đề tài vừa sức, chia tiến độ theo tuần và làm sớm phần tài liệu để tránh dồn cuối kỳ.",https://fit.iuh.edu.vn
58,KHMT,Khoa Học Máy Tính,40,29,4203003192,Lập Trình Phân Tích Dữ Liệu 2,Chuyên ngành KHMT,Nền tảng kỹ thuật,"Học phần thuộc định hướng khoa học máy tính, giúp sinh viên mở rộng kiến thức chuyên môn và liên hệ với bài toán thực tế.","Củng cố kiến thức cốt lõi của ngành KHMT và tăng khả năng áp dụng vào bài tập, đồ án, dự án.","Nên học đều theo tuần, bám sát đề cương và tự tổng hợp sơ đồ kiến thức để ôn hiệu quả.",https://fit.iuh.edu.vn
58,KHMT,Khoa Học Máy Tính,40,30,4203003193,Các Hệ Thống Thông Minh Doanh Nghiệp,Chuyên ngành KHMT,Nền tảng kỹ thuật,"Học phần thuộc định hướng khoa học máy tính, giúp sinh viên mở rộng kiến thức chuyên môn và liên hệ với bài toán thực tế.","Củng cố kiến thức cốt lõi của ngành KHMT và tăng khả năng áp dụng vào bài tập, đồ án, dự án.","Nên học đều theo tuần, bám sát đề cương và tự tổng hợp sơ đồ kiến thức để ôn hiệu quả.",https://fit.iuh.edu.vn
59,KTPM,Kỹ Thuật Phần Mềm,40,1,,Nhập môn lập trình,Cơ sở ngành,Nền tảng kỹ thuật,"Học phần thuộc định hướng kỹ thuật phần mềm, giúp sinh viên mở rộng kiến thức chuyên môn và liên hệ với bài toán thực tế.","Củng cố kiến thức cốt lõi của ngành KTPM và tăng khả năng áp dụng vào bài tập, đồ án, dự án.","Nên học đều theo tuần, bám sát đề cương và tự tổng hợp sơ đồ kiến thức để ôn hiệu quả.",https://fit.iuh.edu.vn
59,KTPM,Kỹ Thuật Phần Mềm,40,2,,Kỹ thuật lập trình,Cơ sở ngành,Nền tảng kỹ thuật,"Học phần thuộc định hướng kỹ thuật phần mềm, giúp sinh viên mở rộng kiến thức chuyên môn và liên hệ với bài toán thực tế.","Củng cố kiến thức cốt lõi của ngành KTPM và tăng khả năng áp dụng vào bài tập, đồ án, dự án.","Nên học đều theo tuần, bám sát đề cương và tự tổng hợp sơ đồ kiến thức để ôn hiệu quả.",https://fit.iuh.edu.vn
59,KTPM,Kỹ Thuật Phần Mềm,40,3,,Lập trình hướng đối tượng,Cơ sở ngành,Thực hành + dự án,"Môn học rèn kỹ năng xây dựng ứng dụng, tổ chức mã nguồn và triển khai sản phẩm theo định hướng kỹ thuật phần mềm.","Viết chương trình, thiết kế chức năng, debug và hoàn thiện sản phẩm thực hành.","Nên học bằng project nhỏ, code thường xuyên và lưu repo để tiện ôn thi và làm portfolio.",https://fit.iuh.edu.vn
59,KTPM,Kỹ Thuật Phần Mềm,40,4,,Cấu trúc dữ liệu và giải thuật,Cơ sở ngành,Nền tảng kỹ thuật,"Môn học tập trung vào dữ liệu, cách lưu trữ, xử lý và khai thác thông tin phục vụ các bài toán trong kỹ thuật phần mềm.","Thiết kế dữ liệu, truy vấn, phân tích và khai thác thông tin cho ứng dụng hoặc bài toán chuyên ngành.","Nên luyện bài tập từ dễ đến khó, tự dựng bộ dữ liệu nhỏ để hiểu kỹ khái niệm.",https://fit.iuh.edu.vn
59,KTPM,Kỹ Thuật Phần Mềm,40,5,,Cơ sở dữ liệu,Cơ sở ngành,Lý thuyết + thực hành,"Môn học tập trung vào dữ liệu, cách lưu trữ, xử lý và khai thác thông tin phục vụ các bài toán trong kỹ thuật phần mềm.","Thiết kế dữ liệu, truy vấn, phân tích và khai thác thông tin cho ứng dụng hoặc bài toán chuyên ngành.","Nên luyện bài tập từ dễ đến khó, tự dựng bộ dữ liệu nhỏ để hiểu kỹ khái niệm.",https://fit.iuh.edu.vn
59,KTPM,Kỹ Thuật Phần Mềm,40,6,,Mạng máy tính,Cơ sở ngành,Lý thuyết + thực hành,"Học phần thuộc định hướng kỹ thuật phần mềm, giúp sinh viên mở rộng kiến thức chuyên môn và liên hệ với bài toán thực tế.","Hiểu cách vận hành hệ thống, cấu hình dịch vụ và xử lý các tình huống triển khai thực tế.","Nên kết hợp lý thuyết với lab thực hành, ghi chú theo mô hình hệ thống để dễ nhớ.",https://fit.iuh.edu.vn
59,KTPM,Kỹ Thuật Phần Mềm,40,7,,Kiến trúc máy tính,Cơ sở ngành,Nền tảng kỹ thuật,"Học phần thuộc định hướng kỹ thuật phần mềm, giúp sinh viên mở rộng kiến thức chuyên môn và liên hệ với bài toán thực tế.","Củng cố kiến thức cốt lõi của ngành KTPM và tăng khả năng áp dụng vào bài tập, đồ án, dự án.","Nên học đều theo tuần, bám sát đề cương và tự tổng hợp sơ đồ kiến thức để ôn hiệu quả.",https://fit.iuh.edu.vn
59,KTPM,Kỹ Thuật Phần Mềm,40,8,,Toán rời rạc,Cơ sở ngành,Nền tảng kỹ thuật,"Học phần thuộc định hướng kỹ thuật phần mềm, giúp sinh viên mở rộng kiến thức chuyên môn và liên hệ với bài toán thực tế.","Củng cố kiến thức cốt lõi của ngành KTPM và tăng khả năng áp dụng vào bài tập, đồ án, dự án.","Nên học đều theo tuần, bám sát đề cương và tự tổng hợp sơ đồ kiến thức để ôn hiệu quả.",https://fit.iuh.edu.vn
59,KTPM,Kỹ Thuật Phần Mềm,40,9,,Xác suất thống kê cho máy tính,Cơ sở ngành,Nền tảng kỹ thuật,"Học phần thuộc định hướng kỹ thuật phần mềm, giúp sinh viên mở rộng kiến thức chuyên môn và liên hệ với bài toán thực tế.","Củng cố kiến thức cốt lõi của ngành KTPM và tăng khả năng áp dụng vào bài tập, đồ án, dự án.","Nên học đều theo tuần, bám sát đề cương và tự tổng hợp sơ đồ kiến thức để ôn hiệu quả.",https://fit.iuh.edu.vn
59,KTPM,Kỹ Thuật Phần Mềm,40,10,,Phát triển web,Cơ sở ngành,Thực hành + dự án,"Môn học rèn kỹ năng xây dựng ứng dụng, tổ chức mã nguồn và triển khai sản phẩm theo định hướng kỹ thuật phần mềm.","Viết chương trình, thiết kế chức năng, debug và hoàn thiện sản phẩm thực hành.","Nên học bằng project nhỏ, code thường xuyên và lưu repo để tiện ôn thi và làm portfolio.",https://fit.iuh.edu.vn
59,KTPM,Kỹ Thuật Phần Mềm,40,11,,Nhập môn kỹ thuật phần mềm,Chuyên ngành KTPM,Nền tảng kỹ thuật,"Học phần thuộc định hướng kỹ thuật phần mềm, giúp sinh viên mở rộng kiến thức chuyên môn và liên hệ với bài toán thực tế.","Củng cố kiến thức cốt lõi của ngành KTPM và tăng khả năng áp dụng vào bài tập, đồ án, dự án.","Nên học đều theo tuần, bám sát đề cương và tự tổng hợp sơ đồ kiến thức để ôn hiệu quả.",https://fit.iuh.edu.vn
59,KTPM,Kỹ Thuật Phần Mềm,40,12,,Phân tích và thiết kế hướng đối tượng (OOAD),Chuyên ngành KTPM,Nền tảng kỹ thuật,"Học phần thuộc định hướng kỹ thuật phần mềm, giúp sinh viên mở rộng kiến thức chuyên môn và liên hệ với bài toán thực tế.","Củng cố kiến thức cốt lõi của ngành KTPM và tăng khả năng áp dụng vào bài tập, đồ án, dự án.","Nên học đều theo tuần, bám sát đề cương và tự tổng hợp sơ đồ kiến thức để ôn hiệu quả.",https://fit.iuh.edu.vn
59,KTPM,Kỹ Thuật Phần Mềm,40,13,,Thiết kế giao diện (UI/UX Design),Chuyên ngành KTPM,Nền tảng kỹ thuật,"Học phần thuộc định hướng kỹ thuật phần mềm, giúp sinh viên mở rộng kiến thức chuyên môn và liên hệ với bài toán thực tế.","Củng cố kiến thức cốt lõi của ngành KTPM và tăng khả năng áp dụng vào bài tập, đồ án, dự án.","Nên học đều theo tuần, bám sát đề cương và tự tổng hợp sơ đồ kiến thức để ôn hiệu quả.",https://fit.iuh.edu.vn
59,KTPM,Kỹ Thuật Phần Mềm,40,14,,Quản lý dự án phần mềm,Chuyên ngành KTPM,Nền tảng kỹ thuật,"Học phần thuộc định hướng kỹ thuật phần mềm, giúp sinh viên mở rộng kiến thức chuyên môn và liên hệ với bài toán thực tế.","Củng cố kiến thức cốt lõi của ngành KTPM và tăng khả năng áp dụng vào bài tập, đồ án, dự án.","Nên học đều theo tuần, bám sát đề cương và tự tổng hợp sơ đồ kiến thức để ôn hiệu quả.",https://fit.iuh.edu.vn
59,KTPM,Kỹ Thuật Phần Mềm,40,15,,Lập trình Java nâng cao,Chuyên ngành KTPM,Thực hành + dự án,"Môn học rèn kỹ năng xây dựng ứng dụng, tổ chức mã nguồn và triển khai sản phẩm theo định hướng kỹ thuật phần mềm.","Viết chương trình, thiết kế chức năng, debug và hoàn thiện sản phẩm thực hành.","Nên học bằng project nhỏ, code thường xuyên và lưu repo để tiện ôn thi và làm portfolio.",https://fit.iuh.edu.vn
59,KTPM,Kỹ Thuật Phần Mềm,40,16,,Lập trình .NET nâng cao,Chuyên ngành KTPM,Thực hành + dự án,"Môn học rèn kỹ năng xây dựng ứng dụng, tổ chức mã nguồn và triển khai sản phẩm theo định hướng kỹ thuật phần mềm.","Viết chương trình, thiết kế chức năng, debug và hoàn thiện sản phẩm thực hành.","Nên học bằng project nhỏ, code thường xuyên và lưu repo để tiện ôn thi và làm portfolio.",https://fit.iuh.edu.vn
59,KTPM,Kỹ Thuật Phần Mềm,40,17,,Mẫu thiết kế (Design Patterns),Chuyên ngành KTPM,Nền tảng kỹ thuật,"Học phần thuộc định hướng kỹ thuật phần mềm, giúp sinh viên mở rộng kiến thức chuyên môn và liên hệ với bài toán thực tế.","Củng cố kiến thức cốt lõi của ngành KTPM và tăng khả năng áp dụng vào bài tập, đồ án, dự án.","Nên học đều theo tuần, bám sát đề cương và tự tổng hợp sơ đồ kiến thức để ôn hiệu quả.",https://fit.iuh.edu.vn
59,KTPM,Kỹ Thuật Phần Mềm,40,18,,Quy trình Agile/Scrum,Chuyên ngành KTPM,Nền tảng kỹ thuật,"Học phần thuộc định hướng kỹ thuật phần mềm, giúp sinh viên mở rộng kiến thức chuyên môn và liên hệ với bài toán thực tế.","Củng cố kiến thức cốt lõi của ngành KTPM và tăng khả năng áp dụng vào bài tập, đồ án, dự án.","Nên học đều theo tuần, bám sát đề cương và tự tổng hợp sơ đồ kiến thức để ôn hiệu quả.",https://fit.iuh.edu.vn
59,KTPM,Kỹ Thuật Phần Mềm,40,19,,Phát triển phần mềm mã nguồn mở,Chuyên ngành KTPM,Thực hành + dự án,"Môn học rèn kỹ năng xây dựng ứng dụng, tổ chức mã nguồn và triển khai sản phẩm theo định hướng kỹ thuật phần mềm.","Viết chương trình, thiết kế chức năng, debug và hoàn thiện sản phẩm thực hành.","Nên học bằng project nhỏ, code thường xuyên và lưu repo để tiện ôn thi và làm portfolio.",https://fit.iuh.edu.vn
59,KTPM,Kỹ Thuật Phần Mềm,40,20,,Lập trình Web nâng cao,Chuyên ngành KTPM,Thực hành + dự án,"Môn học rèn kỹ năng xây dựng ứng dụng, tổ chức mã nguồn và triển khai sản phẩm theo định hướng kỹ thuật phần mềm.","Viết chương trình, thiết kế chức năng, debug và hoàn thiện sản phẩm thực hành.","Nên học bằng project nhỏ, code thường xuyên và lưu repo để tiện ôn thi và làm portfolio.",https://fit.iuh.edu.vn
59,KTPM,Kỹ Thuật Phần Mềm,40,21,,Lập trình di động nâng cao,Chuyên ngành KTPM,Thực hành + dự án,"Môn học rèn kỹ năng xây dựng ứng dụng, tổ chức mã nguồn và triển khai sản phẩm theo định hướng kỹ thuật phần mềm.","Viết chương trình, thiết kế chức năng, debug và hoàn thiện sản phẩm thực hành.","Nên học bằng project nhỏ, code thường xuyên và lưu repo để tiện ôn thi và làm portfolio.",https://fit.iuh.edu.vn
59,KTPM,Kỹ Thuật Phần Mềm,40,22,,Bảo trì phần mềm,Chuyên ngành KTPM,Nền tảng kỹ thuật,"Học phần thuộc định hướng kỹ thuật phần mềm, giúp sinh viên mở rộng kiến thức chuyên môn và liên hệ với bài toán thực tế.","Củng cố kiến thức cốt lõi của ngành KTPM và tăng khả năng áp dụng vào bài tập, đồ án, dự án.","Nên học đều theo tuần, bám sát đề cương và tự tổng hợp sơ đồ kiến thức để ôn hiệu quả.",https://fit.iuh.edu.vn
59,KTPM,Kỹ Thuật Phần Mềm,40,23,,Hệ thống phân tán,Chuyên ngành KTPM,Nền tảng kỹ thuật,"Học phần thuộc định hướng kỹ thuật phần mềm, giúp sinh viên mở rộng kiến thức chuyên môn và liên hệ với bài toán thực tế.","Củng cố kiến thức cốt lõi của ngành KTPM và tăng khả năng áp dụng vào bài tập, đồ án, dự án.","Nên học đều theo tuần, bám sát đề cương và tự tổng hợp sơ đồ kiến thức để ôn hiệu quả.",https://fit.iuh.edu.vn
59,KTPM,Kỹ Thuật Phần Mềm,40,24,,Đồ án chuyên ngành phần mềm,Đồ án/khóa luận KTPM,Dự án/triển khai,"Học phần tổng hợp để sinh viên Kỹ Thuật Phần Mềm vận dụng kiến thức đã học vào đề tài, sản phẩm hoặc báo cáo chuyên sâu.","Tổng hợp kiến thức, triển khai đề tài, thuyết trình và bảo vệ sản phẩm trước hội đồng.","Nên chọn đề tài vừa sức, chia tiến độ theo tuần và làm sớm phần tài liệu để tránh dồn cuối kỳ.",https://fit.iuh.edu.vn
59,KTPM,Kỹ Thuật Phần Mềm,40,25,,Khóa luận tốt nghiệp,Đồ án/khóa luận KTPM,Dự án/triển khai,"Học phần tổng hợp để sinh viên Kỹ Thuật Phần Mềm vận dụng kiến thức đã học vào đề tài, sản phẩm hoặc báo cáo chuyên sâu.","Tổng hợp kiến thức, triển khai đề tài, thuyết trình và bảo vệ sản phẩm trước hội đồng.","Nên chọn đề tài vừa sức, chia tiến độ theo tuần và làm sớm phần tài liệu để tránh dồn cuối kỳ.",https://fit.iuh.edu.vn
59,KTPM,Kỹ Thuật Phần Mềm,40,26,4203003196,Phân Tích Thiết Kế Hệ Thống,Chuyên ngành KTPM,Nền tảng kỹ thuật,"Học phần thuộc định hướng kỹ thuật phần mềm, giúp sinh viên mở rộng kiến thức chuyên môn và liên hệ với bài toán thực tế.","Củng cố kiến thức cốt lõi của ngành KTPM và tăng khả năng áp dụng vào bài tập, đồ án, dự án.","Nên học đều theo tuần, bám sát đề cương và tự tổng hợp sơ đồ kiến thức để ôn hiệu quả.",https://fit.iuh.edu.vn
59,KTPM,Kỹ Thuật Phần Mềm,40,27,,Phát triển ứng dụng di động,Chuyên ngành KTPM,Thực hành + dự án,"Môn học rèn kỹ năng xây dựng ứng dụng, tổ chức mã nguồn và triển khai sản phẩm theo định hướng kỹ thuật phần mềm.","Viết chương trình, thiết kế chức năng, debug và hoàn thiện sản phẩm thực hành.","Nên học bằng project nhỏ, code thường xuyên và lưu repo để tiện ôn thi và làm portfolio.",https://fit.iuh.edu.vn
59,KTPM,Kỹ Thuật Phần Mềm,40,28,4203003195,Phát Triển Ứng Dụng,Chuyên ngành KTPM,Nền tảng kỹ thuật,"Học phần thuộc định hướng kỹ thuật phần mềm, giúp sinh viên mở rộng kiến thức chuyên môn và liên hệ với bài toán thực tế.","Củng cố kiến thức cốt lõi của ngành KTPM và tăng khả năng áp dụng vào bài tập, đồ án, dự án.","Nên học đều theo tuần, bám sát đề cương và tự tổng hợp sơ đồ kiến thức để ôn hiệu quả.",https://fit.iuh.edu.vn
59,KTPM,Kỹ Thuật Phần Mềm,40,29,,Thực tập doanh nghiệp,Thực tập KTPM,Dự án/triển khai,"Môn gắn với môi trường doanh nghiệp, giúp sinh viên Kỹ Thuật Phần Mềm tiếp cận quy trình làm việc thực tế và hoàn thiện kỹ năng nghề nghiệp.","Làm việc nhóm, viết báo cáo, giao tiếp doanh nghiệp và thích nghi với môi trường làm việc thật.","Nên ghi log công việc hằng tuần, chủ động hỏi mentor và lưu lại tài liệu để viết báo cáo cuối kỳ.",https://fit.iuh.edu.vn
59,KTPM,Kỹ Thuật Phần Mềm,40,30,,Chuyên đề J2EE hoặc .NET,Chuyên ngành KTPM,Thực hành + dự án,"Học phần thuộc định hướng kỹ thuật phần mềm, giúp sinh viên mở rộng kiến thức chuyên môn và liên hệ với bài toán thực tế.","Củng cố kiến thức cốt lõi của ngành KTPM và tăng khả năng áp dụng vào bài tập, đồ án, dự án.","Nên học đều theo tuần, bám sát đề cương và tự tổng hợp sơ đồ kiến thức để ôn hiệu quả.",https://fit.iuh.edu.vn
